,Model,roc_auc score
0,Logistic Regression,0.7229752916952642
1,KNN,0.6140614275909403
2,Naive Bayes,0.7418496911461908
3,Random Forrest,0.8532086479066575
4,Logistic Regression SMOTE,0.7059025394646534
5,KNN SMOTE,0.5606554564172959
6,Naive Bayes SMOTE,0.7371310912834591
7,Random Forrest SMOTE,0.8567261496225119
8,Logistic Regression ADASYN,0.6990391214824982
9,KNN ADASYN,0.5598404255319149
10,Naive Bayes ADASYN,0.7379032258064516
11,Random Forrest ADASYN,0.8726835964310227
