,Model,roc_auc score
0,Logistic Regression,0.7229752916952642
1,KNN,0.6140614275909403
2,Naive Bayes,0.7418496911461908
3,Random Forrest,0.8475463280713796
4,Logistic Regression SMOTE,0.7062457103637612
5,KNN SMOTE,0.5618565545641729
6,Naive Bayes SMOTE,0.7426218256691833
7,Random Forrest SMOTE,0.8605010295126974
8,Logistic Regression ADASYN,0.7066746739876459
9,KNN ADASYN,0.6020933424845574
10,Naive Bayes ADASYN,0.7503431708991077
11,Random Forrest ADASYN,0.8660775566231985
